size_class,n_matches,mean_abs_error_m2,median_abs_error_m2,mean_rel_error,median_rel_error
<5m2,19,1.330621445526379e-09,2.8616226538865725e-10,0.14033603991641908,0.15350682570620963
