grid_id,gt_count,pred_count,tp,fp,fn,precision,recall,f1
G0772,28,55,19,36,9,0.34545454545454546,0.6785714285714286,0.45783132530120485
